,category,link,name
0,music,@music_muzyka,–ü–æ–ø—É–ª—è—Ä–Ω–∞—è –ú—É–∑—ã–∫–∞ | –ü–µ—Å–Ω–∏ VK
1,music,@Buddy_music,Buddy –ú—É–∑—ã–∫–∞
2,music,@muzykaay,–í–∞–π–± –ú—É–∑—ã–∫–∞ | –úusic
3,music,@musix_muzyka,sad.musix | –¢—Ä–µ–∫–∏ | –ü–µ—Å–Ω–∏
4,music,@asusmuz,Asusmus| –º—É–∑—ã–∫–∞| –æ–±–æ–∏
5,music,@musicx_tiktok,–¢–†–ï–ö–ò –∏–∑ –¢–∏–∫-–¢–æ–∫ üéß
6,music,@ptreg22,·¥ò·¥õ Ä·¥á…¢ | –º—É–∑—ã–∫–∞ | –æ–±–æ–∏üñ§
7,music,@vibemusiic,vibe musicü¶ã
8,music,@music_treki_remix,Muzon | –†–µ–º–∏–∫—Å—ã
9,music,@Muzik,–ú—É–∑—ã–∫–∞ 2021
10,business,@business_podcast,–ë–ò–ó–ù–ï–°-–ü–û–î–ö–ê–°–¢–´
11,business,@PRO_biz_channel,PRO –ë–∏–∑–Ω–µ—Å
12,business,@kurs_obrazovanie,52 –Ω–µ–¥–µ–ª–∏ –æ–¥–µ—Ä–∂–∏–º–æ—Å—Ç–∏ | –º–æ—Ç–∏–≤–∞—Ü–∏—è
13,business,@bussinesideas,5 –±–∏–∑–Ω–µ—Å –∏–¥–µ–π
14,business,@hour25,25-–π —á–∞—Å | –ë–∏–∑–Ω–µ—Å –º–µ–¥–∏–∞
15,business,@temno,–¢—ë–º–Ω–∞—è —Å—Ç–æ—Ä–æ–Ω–∞
16,business,@AyazShabutdinov,–ê—è–∑ –®–∞–±—É—Ç–¥–∏–Ω–æ–≤
17,business,@idei_biznes,–ë–ò–ó–ù–ï–° –ò–î–ï–ò
18,business,@rybakovigor,–ú—ã—Å–ª–∏ –ú–∏–ª–ª–∏–∞—Ä–¥–µ—Ä–∞ | –ò–≥–æ—Ä—å –†—ã–±–∞–∫–æ–≤
19,business,@business_ru,–û –ë–∏–∑–Ω–µ—Å–µ
20,video,@filmy_netfli,–§–∏–ª—å–º—ã –°–µ—Ä–∏–∞–ª—ã –ö–∏–Ω–æ
21,video,@filmyo,–ò–≥—Ä–∞ –≤ –ö–∞–ª—å–º–∞—Ä–∞ | –°–µ—Ä–∏–∞–ª—ã –í–µ–Ω–æ–º 2
22,video,@Filmy_Kinoo,–§–∏–ª—å–º—ã | –°–µ—Ä–∏–∞–ª—ã
23,video,@posle_3_venom_2,–ö–ò–ù–û–•–ê | –ò–≥—Ä–∞ –≤ –∫–∞–ª—å–º–∞—Ä–∞
24,video,@movies_filmy,–§–∏–ª—å–º—ã | –°–µ—Ä–∏–∞–ª—ã
25,video,@kinofilm_888,–ë–û–ô–°–Ø –•–û–î–Ø–ß–ò–• –ú–ï–†–¢–í–ï–¶–û–í 7üî•–°–ï–†–ò–ê–õ–´üî•–ò–ì–†–ê –í –ö–ê–õ–¨–ú–ê–†–ê
26,video,@filmy7,–ù–û–í–ò–ù–ö–ò –í HDüçø–ú–£–õ–¨–¢–§–ò–õ–¨–ú–´ –ú–£–õ–¨–¢–ò–ö–ò –ê–ù–ò–ú–ï
27,video,@filmy_2021_kino,–§–ò–õ–¨–ú–´ 2021
28,video,@Fillmy2022,–ö–ò–ù–û–ì–£–°–¨ | –î–û–†–ê–ú–´ –§–ò–õ–¨–ú–´ –°–ï–†–ò–ê–õ–´
29,video,@kinosom,–§–∏–ª—å–º—ã –Ω–∞ –≤–µ—á–µ—Ä | –í–µ—á–Ω—ã–µ
30,politics,@russica2,–ù–ï–ó–´–ì–ê–†–¨
31,politics,@stalin_gulag,–°—Ç–∞–ª–∏–Ω–≥—É–ª–∞–≥
32,politics,@navalny,–ù–∞–≤–∞–ª—å–Ω—ã–π
33,politics,@SolovievLive,–°–û–õ–û–í–¨–Å–í
34,politics,@bloodysx,–ö—Ä–æ–≤–∞–≤–∞—è –±–∞—Ä—ã–Ω—è
35,politics,@otsuka_bld,–î–∞–±–ª –Ø—Ç—å
36,politics,@Sandymustache,–£—Å—ã –ü–µ—Å–∫–æ–≤–∞
37,politics,@generalsvr,–ì–µ–Ω–µ—Ä–∞–ª –°–í–†
38,politics,@boilerroomchannel,–ë–æ–π–ª–µ—Ä–Ω–∞—è
39,politics,@teamnavalny,–ö–æ–º–∞–Ω–¥–∞ –ù–∞–≤–∞–ª—å–Ω–æ–≥–æ
40,edutainment,@fak_tu,FUCK–¢–´
41,edutainment,@che_history1,"–ß–µ, –ò—Å—Ç–æ—Ä–∏—è"
42,edutainment,@zhestdnya,–ñ–µ—Å—Ç—å –¥–Ω—è (18+)
43,edutainment,@history_0o,–ò—Å—Ç–æ—Ä–∏—è
44,edutainment,@toplesofficial,–¢–û–ü–õ–ï–°
45,edutainment,@Factorium_mind,–§–ê–ö–¢–û–†–ò–£–ú
46,edutainment,@kosmos_nauka_novosti,Naked Space
47,edutainment,@science117,Science | –ù–∞—É–∫–∞
48,edutainment,@brain177,–ò–Ω—Ç–µ—Ä–µ—Å–Ω–æ –ó–Ω–∞—Ç—å
49,edutainment,@mgnovenia_proshlogo,–ú–≥–Ω–æ–≤–µ–Ω–∏—è –ø—Ä–æ—à–ª–æ–≥–æ
50,crypto,@crypto_pax,Crypto Pax | BTR
51,crypto,@Investsii_dengi,–ö–†–ò–ü–¢–û–í–ê–õ–Æ–¢–ê | –¢–†–ï–ô–î–ò–ù–ì | –ë–ò–ó–ù–ï–°
52,crypto,@obmenik_bitcoina0,–û–ë–ú–ï–ù–ù–ò–öüîÑ–ö–†–ò–ü–¢–û–í–ê–õ–Æ–¢–´üîÑ–ë–ò–¢–ö–û–ò–ù–ê
53,crypto,@SIGEN_Media,Media SIGEN.pro
54,crypto,@pptwt,TWT|NFT News|Airdrop
55,crypto,@cryptoteac,–ö—Ä–∏–ø—Ç–æ –í—Å–µ–ª–µ–Ω–Ω–∞—è
56,crypto,@ppthere,CryptoPenguin
57,crypto,@obmenik_btc5,–ë–ò–¢–ö–û–ò–ùüîÑ–û–ë–ú–ï–ù–ù–ò–öüîÑ–ö–†–ò–ü–¢–û–í–ê–õ–Æ–¢–ê
58,crypto,@buff_10,10 –¥–æ–ª–ª–∞—Ä–æ–≤ –ë–∞—Ñ—Ñ–µ—Ç—Ç–∞
59,crypto,@DeCenter,"DeCenter ‚Äî –±–ª–æ–∫—á–µ–π–Ω, –±–∏—Ç–∫–æ–∏–Ω, –∏–Ω–≤–µ—Å—Ç–∏—Ü–∏–∏"
60,pics,@fwalls,–û–±–æ–∏ | Wallpapers | “ì ü èx_·¥°·¥Ä ü ü·¥ò·¥Ä·¥ò·¥á Äs
61,pics,@khamkas,–î–ª—è —Ç–≤–æ–∏—Ö –∏—Å—Ç–æ—Ä–∏–π‚ù§Ô∏è
62,pics,@tattoo_eskizy_sketches,–¢–æ–ø–æ–≤—ã–µ —Ç–∞—Ç—É–∏—Ä–æ–≤–∫–∏
63,pics,@sokhryb,Soulmate | –°–æ—Ö—Ä—ã | –Ø–∑—ã–∫–∏ –∏ –¢–µ–º—ã
64,pics,@Oboyi7,–û–±–æ–∏ | A Ä·¥õ - W·¥Ä ü ü·¥ò·¥Ä·¥ò·¥á Äs
65,pics,@open_your_ideas,IN IDEAS
66,pics,@wallmusicalq,·¥°·¥Ä ü ü·¥ç·¥ús…™·¥Ñ·¥Ä üüî• | –°–æ—Ö—Ä—ã | –ú—É–∑—ã–∫–∞
67,pics,@morocca,ùïÑùï†ùï£ùï†ùïîùïîùï† üçá
68,pics,@rynok_shkur_aaa,–†–´–ù–û–ö –®–ö–£–† | –†–®
69,pics,@sokhrym,–°–æ—Ö—Ä—ãüñ§
70,economics,@vtbmyinvestments,–í–¢–ë –ú–æ–∏ –ò–Ω–≤–µ—Å—Ç–∏—Ü–∏–∏
71,economics,@angelovcapitals,AngelovCapital
72,economics,@tinkoff_invest_official,–¢–∏–Ω—å–∫–æ—Ñ—Ñ –ò–Ω–≤–µ—Å—Ç–∏—Ü–∏–∏
73,economics,@lemonfortea,–õ–∏–º–æ–Ω –Ω–∞ —á–∞–π
74,economics,@investfuture,InvestFuture
75,economics,@bitkogan,bitkogan
76,economics,@banksta,–ë–∞–Ω–∫—Å—Ç–∞
77,economics,@profinansy,–ö–∞–Ω–∞–ª –û–ª—å–≥–∏ –ì–æ–≥–∞–ª–∞–¥–∑–µ
78,economics,@SberInvestments,–°–±–µ—Ä–ò–Ω–≤–µ—Å—Ç–∏—Ü–∏–∏
79,economics,@Coin_Post,"Coin Post ‚Äì –î–µ–Ω—å–≥–∏, –∏–Ω–≤–µ—Å—Ç–∏—Ü–∏–∏, –±–∏—Ç–∫–æ–∏–Ω"
80,tech,@exploitex,–≠–∫—Å–ø–ª–æ–π—Ç
81,tech,@bugfeature,"–ù–µ –±–∞–≥, –∞ —Ñ–∏—á–∞"
82,tech,@whackdoor,–ë—ç–∫–¥–æ—Ä
83,tech,@bugnotfeature,"–ù–µ –±–∞–≥, –∞ —Ñ–∏—á–∞"
84,tech,@d_code,–ö–æ–¥ –î—É—Ä–æ–≤–∞
85,tech,@andronews_official,Andro News
86,tech,@smartoteka,–°–º–∞—Ä—Ç–æ—Ç–µ–∫–∞
87,tech,@PushEnter,–ù–∞–∂–º–∏ Enter
88,tech,@overlamer1,LAMERLAND - overbafer1
89,tech,@komputeer,–ö–æ–º–ø—É—Ç–µ—Ä –¥–ª—è —á–∞–π–Ω–∏–∫–æ–≤
90,psychology,@psyxotest,–ü—Å–∏—Ö–æ–ª–æ–≥–∏—èüíö
91,psychology,@Psychologs,–ü—Å–∏—Ö–æ–ª–æ–≥–∏—è –æ—Ç–Ω–æ—à–µ–Ω–∏–π
92,psychology,@sozds,–°–æ–∑–¥–∞–≤–∞–π —Å–µ–±—è
93,psychology,@PsyEducation,–ü—Å–∏—Ö–æ–ª–æ–≥–∏—è
94,psychology,@studyhardmotivation,üìö Study motivation ‚Äî –ú–æ—Ç–∏–≤–∞—Ü–∏—è –∫ —É—á—ë–±–µ
95,psychology,@ikyklovod,–ö—É–∫–ª–æ–≤–æ–¥ | –ü—Å–∏—Ö–æ–ª–æ–≥–∏—è | –†–∞–∑–≤–∏—Ç–∏–µ
96,psychology,@realnosti_transerfing,–¢—Ä–∞–Ω—Å–µ—Ä—Ñ–∏–Ω–≥ —Ä–µ–∞–ª—å–Ω–æ—Å—Ç–∏
97,psychology,@RebKli,–ú–∞–Ω–∏–ø—É–ª—è—Ç–æ—Ä
98,psychology,@halyavapapochka,–•–∞–ª—è–≤–∞ –æ—Ç –ü–∞–ø–æ—á–∫–∏
99,psychology,@iEthical,–≠—Ç–∏–∫–µ—Ç –∏ –ö—É–ª—å—Ç—É—Ä–∞
100,marketing,@FamilyBots,–°–µ–º–µ–π–∫–∞ –±–æ—Ç–æ–≤
101,marketing,@tiktokdr,–î–ò–†–ï–ö–¢–û–† –¢–ò–ö –¢–û–ö–ê
102,marketing,@sale_caviar,–∫–∞–±–∞—á–∫–æ–≤–∞—è –∏–∫—Ä–∞ –ø–æ –∞–∫—Ü–∏–∏
103,marketing,@smmrus,–†—É—Å—Å–∫–∏–π –º–∞—Ä–∫–µ—Ç–∏–Ω–≥
104,marketing,@marzaganoff,–ú–∞—Ä–∑–∞–≥–∞–Ω–æ–≤ –≤–µ—â–∞–µ—Ç
105,marketing,@prbezposhady,–ë–µ—Å–ø–æ—â–∞–¥–Ω—ã–π –ø–∏–∞—Ä—â–∏–∫
106,marketing,@prodvizhenie_instagraml,–ü–û–î–ü–ò–°–ß–ò–ö–ò –¢–ò–ö–¢–û–ö –í–ö
107,marketing,@instagram_vk_telegram,–ù–ê–ö–†–£–¢–ö–ê –î–Å–®–ï–í–û
108,marketing,@MarketingPloy,–ú–∞—Ä–∫–µ—Ç–∏–Ω–≥–æ–≤—ã–π —Ö–æ–¥
109,marketing,@INSTAumka,–ò–Ω—Å—Ç–∞–≥—Ä–∞–º–æ—Ç–Ω–æ—Å—Ç—å
110,sport,@sportsru,Sports.ru
111,sport,@goal24_rus,GOAL24
112,sport,@QryaProDucktion,–ù–∞—Å—Ç–æ—è—â–∏–π –†–∞–¥–∏–æ–£—Ç–∫–∏–Ω
113,sport,@Match_TV,–ú–∞—Ç—á –¢–í
114,sport,@rflive,–†–µ–∞–ª—å–Ω—ã–π –§—É—Ç–±–æ–ª LIVE
115,sport,@maincard_rus,Main Card
116,sport,@mainfootball_ru,Main Football
117,sport,@rfinsidenews,INSIDE | –ù–æ–≤–æ—Å—Ç–∏ —Ñ—É—Ç–±–æ–ª–∞
118,sport,@rfinsidetransfers,INSIDE | –¢—Ä–∞–Ω—Å—Ñ–µ—Ä—ã
119,sport,@refoot,–†–µ–∞–ª—å–Ω—ã–π –§—É—Ç–±–æ–ª
120,travels,@vandroukiru,RU|–°–ø–æ—Å–æ–±—ã –ø—É—Ç–µ—à–µ—Å—Ç–≤–æ–≤–∞—Ç—å –ø–æ—á—Ç–∏ –±–µ—Å–ø–ª–∞—Ç–Ω–æ
121,travels,@kudagospb,KudaGo: –ü–µ—Ç–µ—Ä–±—É—Ä–≥
122,travels,@National_Geograph1c,National Geographic
123,travels,@travelradar,"TravelRadar ‚Äî –¥–µ—à–µ–≤—ã–µ –∞–≤–∏–∞–±–∏–ª–µ—Ç—ã, —Ç—É—Ä—ã, –ø—É—Ç–µ—à–µ—Å—Ç–≤–∏—è"
124,travels,@samokatus,–°–∞–º–æ–∫–∞—Ç—É—Å
125,travels,@fpcrussia,–í–∞–≥–æ–Ω —Å–∫–∏–¥–æ–∫
126,travels,@VTurisme,"–í –¢—É—Ä–∏–∑–º–µ - –ü–æ–∏—Å–∫ –ø—É—Ç–µ—à–µ—Å—Ç–≤–∏–π, –∞–≤–∏–∞–±–∏–ª–µ—Ç—ã, —Ç—É—Ä—ã!"
127,travels,@sanya_florida,–°–∞–Ω—è –≤–æ –§–ª–æ—Ä–∏–¥–µ
128,travels,@America_Inside,America Inside
129,travels,@travelyut_turizm,–ü—É—Ç–µ—à–µ—Å—Ç–≤–∏—è –≤ –£—é—Ç–Ω—ã–µ –ï–±–µ–Ω—è
130,games,@free2pIay,Free to play
131,games,@android_5play,5PLAY‚ö°Ô∏è–ò–≥—Ä—ã –¥–ª—è Android
132,games,@bat9evelone192,–ë–û–õ–¨–®–ê–Ø –ù–û–ó–î–†–Ø
133,games,@dnclserv,Null's Brawl | Null's Clash | Null's Royale | –ù—É–ª—Å
134,games,@mobi_mes,Mobimes - –º–æ–±–∏–ª—å–Ω—ã–µ –∏–≥—Ä—ã
135,games,@standoffcheatix,"‚ö°Ô∏èSTANDOFF 2 | –ü—Ä–æ–º–æ–∫–æ–¥—ã, –ß–∏—Ç—ã"
136,games,@hackess,‚ö°Ô∏èVANBAY | –ü—Ä–æ–º–æ–∫–æ–¥—ã & –ß–∏—Ç—ã
137,games,@av_games,–ë–µ–∑—É–º–Ω—ã–π –î–µ–π–≤
138,games,@TrueMafiaNews,True Mafia News
139,games,@meels_kel,–ú–∏–ª—Å –ö–µ–ª (Play)
140,beauty,@alyatrend,–ê–ª—è –ø—Ä–æ AliExpress
141,beauty,@AlexisKissAliexpress,AlexisKiss_aliexpress
142,beauty,@irilook,Irilook
143,beauty,@modnailru,–ú–∞–Ω–∏–∫—é—Ä | –ù–æ–≥—Ç–∏
144,beauty,@sncmag,–ê–Ω—Ç–∏–≥–ª—è–Ω–µ—Ü
145,beauty,@manikyur_nogty,IDEAL –ú–∞–Ω–∏–∫—é—Ä | –ù–æ–≥—Ç–∏
146,beauty,@vrednayamoda,–í—Ä–µ–¥–Ω–∞—è –ú–æ–¥–∞ ‚ú® VREDNAYAMODA ‚ú® Aliexpress
147,beauty,@fashion_mur,MUR
148,beauty,@zhidkovskiy,–†–æ—Å–∫–æ—à—å –±—É—Ç–∏–∫–æ–≤
149,beauty,@nogti_r,"–û–ø,–º–∞–Ω–∏–∫—é—Ä—á–∏–∫ üíï"
150,education,@otveti_aa,–û—Ç–≤–µ—Ç—ã –û–ì–≠ –ï–ì–≠ 2021
151,education,@otvety100ball,–û–¢–í–ï–¢–´ –ï–ì–≠ –û–ì–≠‚ùóÔ∏è
152,education,@spisano_na_5,–û—Ç–≤–µ—Ç—ã –í–ü–† –û–ì–≠ –ï–ì–≠
153,education,@otvetion,–û–¢–í–ï–¢–´ –û–ì–≠ –ø–µ—Ä–µ—Å–¥–∞—á–∞ –ï–ì–≠
154,education,@oge_fast,OGEFAST
155,education,@otveti_putins2021,–ò–¢–û–ì–û–í–û–ï –°–û–ß–ò–ù–ï–ù–ò–ï 2021
156,education,@studyqa,"StudyQA - –≥—Ä–∞–Ω—Ç—ã, —Å—Ç–∏–ø–µ–Ω–¥–∏–∏, –æ–±—É—á–µ–Ω–∏–µ –∑–∞ —Ä—É–±–µ–∂–æ–º"
157,education,@samorazvitie11,planning | study | —É—á–µ–±–∞
158,education,@OTVETI_EGE,–û–¢–í–ï–¢–´ ! –ù–ê –ï–ì–≠ –†–ï–ó–ï–†–í 2021–≥ !
159,education,@gootveti,–û–¢–í–ï–¢–´ –û–ì–≠ 2021/22
160,books,@ikniga,–ö–Ω–∏–≥–∏ –Ω–∞ –º–∏–ª–ª–∏–æ–Ω | –±–∏–∑–Ω–µ—Å –±–ª–æ–≥
161,books,@flibusta_anglysky,–ü–æ–¥–∫–∞—Å—Ç—ã | –ö–Ω–∏–≥–∏ | –ê—É–¥–∏–æ–∫–Ω–∏–≥–∏
162,books,@AUDIOKNIGI_CHANNEL,–ê—É–¥–∏–æ–∫–Ω–∏–≥–∏
163,books,@flibusta,–ö–Ω–∏–∂–Ω–æ–µ –±—Ä–∞—Ç—Å—Ç–≤–æ
164,books,@progbook,–ö–Ω–∏–≥–∏ –¥–ª—è –ø—Ä–æ–≥—Ä–∞–º–º–∏—Å—Ç–æ–≤
165,books,@knizhnikc,–ö–Ω–∏–∂–Ω–∏–∫
166,books,@amazingbooks,–ö–Ω–∏–≥–∏ –∏ –ê—É–¥–∏–æ–∫–Ω–∏–≥–∏ Flibusta
167,books,@flibustabooks,Flibusta | –ö–Ω–∏–≥–∏ | –ê—É–¥–∏–æ–∫–Ω–∏–≥–∏ | @flibustafreebookbot
168,books,@Chitat_onlain_Biblioteka,–ß–∏—Ç–∞—Ç—å –æ–Ω–ª–∞–π–Ω | –ë–∏–±–ª–∏–æ—Ç–µ–∫–∞
169,books,@bookfromstud,–ö–Ω–∏–≥–∏ –æ—Ç –°—Ç—É–¥–µ–Ω—Ç–∞
170,food,@eda2021,Real Food
171,food,@Okkal,0Kkal - –ù–∏–∑–∫–æ–∫–∞–ª–æ—Ä–∏–π–Ω—ã–µ —Ä–µ—Ü–µ–ø—Ç—ã
172,food,@receptOK,–ö–Ω–∏–≥–∞ —Ä–µ—Ü–µ–ø—Ç–æ–≤
173,food,@p_rezepty,–ü–æ–ª–µ–∑–Ω—ã–µ –†–µ—Ü–µ–ø—Ç—ã | –ó–¥–æ—Ä–æ–≤—å–µ | –ö—Ä–∞—Å–æ—Ç–∞
174,food,@thesaltmagazine,–°–æ–ª—å
175,food,@sysoevfm,–°—ã—Å–æ–µ–≤FM
176,food,@shecook,–®–µ–¥–µ–≤—Ä—ã –∫—É–ª–∏–Ω–∞—Ä–∏–∏
177,food,@ppreceptiki,–ü–ü –†–µ—Ü–µ–ø—Ç—ã | –ó–¥–æ—Ä–æ–≤–æ–µ –ø–∏—Ç–∞–Ω–∏–µ
178,food,@FastRecepts,–ë—ã—Å—Ç—Ä—ã–µ —Ä–µ—Ü–µ–ø—Ç—ã
179,food,@v_poiskax_chuda,–ö–æ—Ñ–µ –∏ –±–∏–ª–µ—Ç—ã (–≤ –ü–µ—Ç–µ—Ä–±—É—Ä–≥–µ)
180,career,@theyseeku,Finder.vc: —É–¥–∞–ª–µ–Ω–Ω–∞—è —Ä–∞–±–æ—Ç–∞ - –≤–∞–∫–∞–Ω—Å–∏–∏
181,career,@horseatwork,–ö–û–ù–¨ –ù–ê –†–ê–ë–û–¢–ï
182,career,@zapwork,–£–¥–∞–ª—ë–Ω—â–∏–∫–∏ | —É–¥–∞–ª–µ–Ω–Ω–∞—è —Ä–∞–±–æ—Ç–∞
183,career,@workzavr,Workzavr | –§—Ä–∏–ª–∞–Ω—Å –∏ –£–¥–∞–ª—ë–Ω–∫–∞
184,career,@south_work,"–†–∞–±–æ—á–∏–π –ü–∞—Ä–∫: –≤–∞–∫–∞–Ω—Å–∏–∏, —Å—Ç–∞–∂–∏—Ä–æ–≤–∫–∏, –≤–æ–ª–æ–Ω—Ç—ë—Ä—Å–∫–∏–µ –ø—Ä–æ–≥—Ä–∞–º–º—ã"
185,career,@Profenture,Profenture: —Å—Ç–∞–∂–∏—Ä–æ–≤–∫–∏ –∏ –≤–æ–ª–æ–Ω—Ç–µ—Ä—Å—Ç–≤–æ
186,career,@Udalenka7,–§–†–ò–õ–ê–ù–° –í–ê–ö–ê–ù–°–ò–ò | –£–î–ê–õ–ï–ù–ù–ê–Ø –†–ê–ë–û–¢–ê
187,career,@workoo,–í–æ—Ä–∫—É | –§—Ä–∏–ª–∞–Ω—Å | –£–¥–∞–ª–µ–Ω–∫–∞
188,career,@promopoisk,–ò–Ω—Ç–µ—Ä–µ—Å–Ω–∞—è —Ä–∞–±–æ—Ç–∞ –≤ –ú–æ—Å–∫–≤–µ –∏ –Ω–∞ —É–¥–∞–ª–µ–Ω–∫–µ
189,career,@vakansii5,–£–î–ê–õ–ï–ù–ù–ê–Ø –†–ê–ë–û–¢–ê | –§–†–ò–õ–ê–ù–° | –í–ê–ö–ê–ù–°–ò–ò
190,transport,@auto_instruktor,–ê–≤—Ç–æ–∏–Ω—Å—Ç—Ä—É–∫—Ç–æ—Ä
191,transport,@imehanik,–ú–ï–•–ê–ù–ò–ö
192,transport,@auto_inspektor,–ò–Ω—Å–ø–µ–∫—Ç–æ—Ä
193,transport,@driverone,–ó–∞ —Ä—É–ª—ë–º
194,transport,@DtRoad,–î–µ–ø—Ç—Ä–∞–Ω—Å –ú–æ—Å–∫–≤—ãüíâ
195,transport,@mechanictg,–Ø –ñ–µ –ú–µ—Ö–∞–Ω–∏–∫!
196,transport,@pravilad,–ü—Ä–∞–≤–∏–ª–∞ –∂–∏–∑–Ω–∏ –Ω–∞ –¥–æ—Ä–æ–≥–µ
197,transport,@spbmetro,–ú–µ—Ç—Ä–æ –ü–µ—Ç–µ—Ä–±—É—Ä–≥–∞
198,transport,@autobespredel,–ê–í–¢–û –ë–ï–°–ü–†–ï–î–ï–õ
199,transport,@firstgear_channel,–ü–µ—Ä–≤–∞—è –ø–µ—Ä–µ–¥–∞—á–∞
200,health,@bzdorov,–ë—É–¥–µ–º –∑–¥–æ—Ä–æ–≤—ã
201,health,@KatiaTxiLive,Katia Txi
202,health,@fiztransform,Physical Transformation
203,health,@zdorovyetop,–ë–µ—Å–ø–ª–∞—Ç–Ω–æ–µ –∑–¥–æ—Ä–æ–≤—å–µ. –†–µ—Ü–µ–ø—Ç—ã –∫—Ä–∞—Å–æ—Ç—ã.
204,health,@prostoozdorovie,–ü—Ä–æ—Å—Ç–æ –æ –∑–¥–æ—Ä–æ–≤—å–µ
205,health,@Xudaya,–•—É–¥–∞—è.
206,health,@runforhealth,–ë–µ–≥–∞—Ç—å –ø—Ä–æ—Å—Ç–æ
207,health,@krasota_11,–ö—Ä–∞—Å–æ—Ç–∞ –∏ –ó–¥–æ—Ä–æ–≤—å–µ
208,health,@morozovastasy,–ú–æ—Ä–æ–∑–æ–≤–∞ —Ö—É(–¥)–µ–µ—Ç
209,health,@healthy_you_official,–ó–¥–æ—Ä–æ–≤—å–µ | Healthy You
210,religion,@nashidy,–ù–∞—à–∏–¥—ã | –ò—Å–ª–∞–º | –ö–æ—Ä–∞–Ω
211,religion,@dokinz,–î–û–ö–ò–ù–ó
212,religion,@kvmalofeev,–ö–æ–Ω—Å—Ç–∞–Ω—Ç–∏–Ω –ú–∞–ª–æ—Ñ–µ–µ–≤
213,religion,@umorxtele,–Æ–º–æ—Ä‚úñÔ∏è–¢–µ–ª–µ–≥—Ä–∞–º
214,religion,@umma_ru,umma.ru –®–∞–º–∏–ª—å –ê–ª—è—É—Ç–¥–∏–Ω–æ–≤
215,religion,@batyushky,–ë–∞—Ç—é—à–∫–∏
216,religion,@pavelostrovski,–°–≤—è—â–µ–Ω–Ω–∏–∫ –ü–∞–≤–µ–ª –û—Å—Ç—Ä–æ–≤—Å–∫–∏–π
217,religion,@islam_semua,–°–µ–º—å—è –≤ –ò—Å–ª–∞–º–µ
218,religion,@kniga_pdf,–ò—Å–ª–∞–º—Å–∫–∏–µ –∫–Ω–∏–≥–∏ PDF
219,religion,@semua_islam,–°–µ–º—å—è –≤ –ò—Å–ª–∞–º–µüå∏
220,telegram,@durov_russia,–ü–∞–≤–µ–ª –î—É—Ä–æ–≤
221,telegram,@languagetg,–Ø–∑—ã–∫–∏ –∏ —Ç–µ–º—ã –¥–ª—è —Ç–µ–ª–µ–≥—Ä–∞–º–º–∞
222,telegram,@setlanguagetelegram,–Ø–∑—ã–∫–∏ –¥–ª—è —Ç–µ–ª–µ–≥—Ä–∞–º–∞
223,telegram,@yaziki_tema_language,–Ø–∑—ã–∫–∏ —Ç–µ–ª–µ–≥—Ä–∞–º–º–∞
224,telegram,@liligy,–Ø–∑—ã–∫–∏ –∏ —Ç–µ–º—ã –¥–ª—è —Ç–µ–ª–µ–≥—Ä–∞–º–º–∞
225,telegram,@teleblog,–¢–µ–ª–µ–±–ª–æ–≥
226,telegram,@secretship,Secretship
227,telegram,@birzhaP,–ë–∏—Ä–∂–∞ | –†–µ–∫–ª–∞–º–∞ | –ö–∞–Ω–∞–ª—ã
228,telegram,@Tblog,Tblog - –±–ª–æ–≥ Telegram
229,telegram,@vkfindfacea,–ü–æ–∏—Å–∫ –ø–æ —Ñ–æ—Ç–æ
230,language,@fuckingenglish,Fucking English | –ê–Ω–≥–ª–∏–π—Å–∫–∏–π —è–∑—ã–∫ 18+
231,language,@ruGrammar,–†—É—Å—Å–∫–∏–π —è–∑—ã–∫ (–ì—Ä–∞–º–æ—Ç–Ω–æ—Å—Ç—å)
232,language,@slovar_psikhologia,–°–ª–æ–≤–∞—Ä–Ω—ã–π –∑–∞–ø–∞—Å | –°–∞–º–æ—Ä–∞–∑–≤–∏—Ç–∏–µ
233,language,@deutschonline,–ù–µ–º–µ—Ü–∫–∏–π —è–∑—ã–∫
234,language,@ieltstoeflcefrr,üá¨üáß Learn English üá¨üáß
235,language,@debilenglish,–∞–Ω–≥–ª–∏–π—Å–∫–∏–π –¥–ª—è –¥–µ–±–∏–ª–æ–≤
236,language,@mnemo_english,–ö–∞–∫ –Ø —É—á—É –∞–Ω–≥–ª–∏–π—Å–∫–∏–π
237,language,@englishwithstud,English with Student
238,language,@vcblr,–í–æ–∫–∞–±—É–ª—èÃÅ—Ä–∏–π | –†—É—Å—Å–∫–∏–π | –ì—Ä–∞–º–æ—Ç–Ω–æ—Å—Ç—å
239,language,@slangbang,Slang Bang! / –°–ª—ç–Ω–≥ –ë—ç–Ω–≥!
240,instagram,@presety,–ü—Ä–µ—Å–µ—Ç—ã –õ–∞–π—Ç—Ä—É–º | Presets Lightroom
241,instagram,@ClubHouseDr,–î–ò–†–ï–ö–¢–û–† –ò–ù–°–¢–ê–ì–†–ê–ú ‚úÖ
242,instagram,@jenskiydom,–ñ–µ–Ω—Å–∫–∏–π –¥–æ–º–∏–∫
243,instagram,@BitchInsta,Bitch.
244,instagram,@persefoone,–í—Å–µ –¥–ª—è —Ç–≤–æ–∏—Ö —Å—Ç–æ—Ä–∏—ÅüíÉ
245,instagram,@bitch_storie,ùô±ùöíùöùùöåùöë ùöÇùöùùöòùöõùöíùöé | –°—Ç–æ—Ä–∏—Å—ã
246,instagram,@stories_for_inst,Stories insta üì∏üé•
247,instagram,@insta_storyes,–∏–Ω—Å—Ç–∞ —Å—Ç–æ—Ä–∏—Å üíû
248,instagram,@for_stories,–î–õ–Ø –¢–í–û–ò–• –ò–°–¢–û–†–ò–ôüêÅ
249,instagram,@storiyessgirl,–¥–µ–≤—á–∞—á–∏–π —É–≥–æ–ª–æ–∫
250,apps,@EasyAPK,üì≤ Easy APK
251,apps,@foxyapk,FoxyAPK
252,apps,@progi95,–ö—Ä—É—Ç—ã–µ –ø—Ä–æ–≥–∏
253,apps,@vseapps,–í—Å–µ–ª–µ–Ω–Ω–∞—è –ø—Ä–∏–ª–æ–∂–µ–Ω–∏–π
254,apps,@bz2018,–ü–æ–ª–µ–∑–Ω—ã–µ –ø—Ä–∏–ª–æ–∂–µ–Ω–∏—è
255,apps,@FreeDroidApp,FreeDroid
256,apps,@pm_plus,üì±Play Market +
257,apps,@PointApp,Point App
258,apps,@prostoapk,PRO100 APK
259,apps,@VKCoffee,VK Coffee
260,nature,@priroda_animal,Live Nature
261,nature,@priroda_zhivotnye,Real Nature
262,nature,@dangplanet,–ñ—É—Ç–∫–∞—è –ø–ª–∞–Ω–µ—Ç–∞
263,nature,@animal_planeta,Animal Planet
264,nature,@zlie_animals,Bloody Animals
265,nature,@cats_cats,–ë–ª—è—Ü–∫–∏–µ –∫–æ—Ç—ã
266,nature,@BehindTheOceann,–ó–∞ –≥—Ä–∞–Ω—å—é –æ–∫–µ–∞–Ω–∞
267,nature,@pidrasi,—à–µ—Ä—Å—Ç—è–Ω—ã–µ –ø–∏–¥–∞—Ä–∞—Å—ã
268,nature,@ngwild,Nat Geo Wild
269,nature,@OurOcean,–¢–∞–π–Ω—ã –û–∫–µ–∞–Ω–æ–≤ üêã
270,construction,@mykvrt,–ú–æ—è –∫–≤–∞—Ä—Ç–∏—Ä–∞
271,construction,@builder_stroika,–£–º–Ω—ã–π –°—Ç—Ä–æ–∏—Ç–µ–ª—å
272,construction,@alexishome,Alexis_home
273,construction,@macters,–ú–ê–°–¢–ï–†
274,construction,@mydaca,–ú–æ—è –¥–∞—á–∞
275,construction,@postroim_dom,–ü–æ—Å—Ç—Ä–æ–∏–º —Å–≤–æ–π –¥–æ–º | –°—Ç—Ä–æ–∏—Ç–µ–ª—å—Å—Ç–≤–æ —Å–≤–æ–∏–º–∏ —Ä—É–∫–∞–º–∏
276,construction,@alishopping_home,–ê–ª–∏—ç–∫—Å–ø—Ä–µ—Å—Å Home‚ú®
277,construction,@histiry_quiz,–ò—Å—Ç–æ—Ä–∏—è –≤ –æ–ø—Ä–æ—Å–∞—Ö
278,construction,@dom_design,–î–∏–∑–∞–π–Ω üåø Design
279,construction,@proektdom,–ü—Ä–æ–µ–∫—Ç—ã –¥–æ–º–æ–≤ | –°—Ç—Ä–æ–∏—Ç–µ–ª—å—Å—Ç–≤–æ | –ü–ªa–Ω–∏po–≤–∫a
280,esoterics,@astrotmbl,–ê—Å—Ç—Ä–æ–ª–æ–≥–∏—è | –ì–æ—Ä–æ—Å–∫–æ–ø | –¢–∞—Ä–æ
281,esoterics,@tg_horoscope,–õ—é–±–æ–≤–Ω—ã–π –ì–æ—Ä–æ—Å–∫–æ–øüíï
282,esoterics,@dishka_h,–°–∞–º—ã–µ –º–æ—â–Ω—ã–µ —Ç–µ—Ö–Ω–∏–∫–∏ü§ç
283,esoterics,@eHoroscope,–ù–µ–æ–±—ã—á–Ω—ã–π –ì–æ—Ä–æ—Å–∫–æ–ø | Astrology üåô
284,esoterics,@goroscope2020,üòá–°—É–¥—å–±–æ–Ω–æ—Å–Ω—ã–π –ì–æ—Ä–æ—Å–∫–æ–ø üòà
285,esoterics,@lulagoroskop,–ì–æ—Ä–æ—Å–∫–æ–ø —Ü—ã–≥–∞–Ω–∫–∏ –õ—É–ª–∞–¥–∂–∏
286,esoterics,@goroskop_zvezdi,–ì–æ—Ä–æ—Å–∫–æ–øüéÜ –ß—Ç–æ —Å–∫–∞–∂—É—Ç –∑–≤—ë–∑–¥—ã üí´
287,esoterics,@myastrologer,–ú–û–ô –õ–Æ–ë–ò–ú–´–ô –ê–°–¢–†–û–õ–û–ì‚ú®
288,esoterics,@astrology_ru,Astrology | –ì–æ—Ä–æ—Å–∫–æ–ø
289,esoterics,@horoscope_send,–ì–æ—Ä–æ—Å–∫–æ–ø üåå
290,medicine,@anatomy_theater,–ê–Ω–∞—Ç–æ–º–∏—á–µ—Å–∫–∏–π —Ç–µ–∞—Ç—Ä
291,medicine,@helenkornilova,Helena Kornilova / –ï–ª–µ–Ω–∞ –ö–æ—Ä–Ω–∏–ª–æ–≤–∞
292,medicine,@magerya,–ú–∞–≥–µ—Ä—è –ò–ª—å—è
293,medicine,@DocBergman,–î–æ–∫—Ç–æ—Ä –ë–µ—Ä–≥–º–∞–Ω. –ù–∞—É–∫–∞ –¥–æ–ª–≥–æ–ª–µ—Ç–∏—è
294,medicine,@anti_covid21,üî•–ö–æ–≤–∏–¥ –°–æ–ø—Ä–æ—Ç–∏–≤–ª–µ–Ω–∏–µüî•
295,medicine,@ManPotency,–ú–∏—Å—Ç–µ—Ä –• | –ú—É–∂—Å–∫–æ–µ –∑–¥–æ—Ä–æ–≤—å–µ
296,medicine,@OurB0di,–ù–∞—à–µ —Ç–µ–ª–æ
297,medicine,@namochimanturu,–ù–∞–º–æ—á–∏ –º–∞–Ω—Ç—É
298,medicine,@medical_secrecy,–í–†–ê–ß–ï–ë–ù–ê–Ø –¢–ê–ô–ù–ê
299,medicine,@narodniy_medic,–ù–ê–†–û–î–ù–´–ô –ú–ï–î–ò–ö
300,babies,@gosuslugiforparents,–ì–æ—Å—É—Å–ª—É–≥–∏: –¥–ª—è —Ä–æ–¥–∏—Ç–µ–ª–µ–π
301,babies,@detskoemenu,–î–µ—Ç—Å–∫–æ–µ –º–µ–Ω—é
302,babies,@shkolashar,–®–∫–æ–ª–∞ –ê–¥–µ–∫–≤–∞—Ç–Ω—ã—Ö –†–æ–¥–∏—Ç–µ–ª–µ–π
303,babies,@RoditeliDetiru,–†–æ–¥–∏—Ç–µ–ª–∏ –∏ –î–µ—Ç–∏. –ü—Å–∏—Ö–æ–ª–æ–≥–∏—è –æ—Ç–Ω–æ—à–µ–Ω–∏–π
304,babies,@aliexspresskids,AliExpress–î–µ—Ç–∏
305,babies,@papiny_skazki_official,–ü–∞–ø–∏–Ω—ã —Å–∫–∞–∑–∫–∏ (official) –∞—É–¥–∏–æ—Å–∫–∞–∑–∫–∏ :)
306,babies,@deti_rebenok,–î–µ—Ç–∏ | –û–±—Ä–∞–∑–æ–≤–∞–Ω–∏–µ –∏ –í–æ—Å–ø–∏—Ç–∞–Ω–∏–µ
307,babies,@besedki_nasedki,–ë–µ—Å–µ–¥–∫–∏ –Ω–∞—Å–µ–¥–∫–∏
308,babies,@papi_mami_deti,–ü–∞–ø—ã –∏ –ú–∞–º—ã ‚Ä¢ –í–æ—Å–ø–∏—Ç–∞–Ω–∏–µ –î–µ—Ç–µ–π
309,babies,@vospitay_detey_tg,–ú–∞–º–∞ ‚Ä¢ –†–µ–±–µ–Ω–æ–∫ ‚Ä¢ –°–µ–º—å—è ‚Ä¢ –í–æ—Å–ø–∏—Ç–∞–Ω–∏–µ
310,design,@photoshop_hack,–§–æ—Ç–æ—à–æ–ø | –§–æ—Ç–æ–≥—Ä–∞—Ñ–∏—è | –î–∏–∑–∞–π–Ω
311,design,@phtgr,–§–æ—Ç–æ–ì—É—Ä—É | –§–æ—Ç–æ—à–æ–ø –∏ –î–∏–∑–∞–π–Ω
312,design,@design_telega,–î–∏–∑–∞–π–Ω-–¢–µ–ª–µ–≥–∞ üî•
313,design,@designdealer,Designdealer
314,design,@shrift_free,–ë–µ—Å–ø–ª–∞—Ç–Ω—ã–µ —à—Ä–∏—Ñ—Ç—ã
315,design,@figmaplugin,Figma Design
316,design,@photoshopforyou,Photoshop
317,design,@illstrtr,–ò–ª–ª—é—Å—Ç—Ä–∞—Ç–æ—Ä | –ì—Ä–∞—Ñ–∏–∫–∞ –∏ –î–∏–∑–∞–π–Ω
318,design,@fontsch,Fonts
319,design,@posterino,Posterino | –∏—Å–∫—É—Å—Å—Ç–≤–æ –ø–ª–∞–∫–∞—Ç–∞
320,art,@kartiny,–ö–∞—Ä—Ç–∏–Ω—ã. –ñ–∏–≤–æ–ø–∏—Å—å. –ò—Å–∫—É—Å—Å—Ç–≤–æ
321,art,@simpleartist,"–•—É–¥–æ–∂–Ω–∏–∫, —Ä–∏—Å—É–π!"
322,art,@spiro_graph,–ö–Ω–∏–≥–∏ –¥–ª—è —Ç–≤–æ—Ä—á–µ—Å–∫–∏—Ö
323,art,@pic_history,–ò—Å—Ç–æ—Ä–∏—è –æ–¥–Ω–æ–π –∫–∞—Ä—Ç–∏–Ω—ã
324,art,@insanity_gallery,Insanity Gallery
325,art,@darkmgimo,–ë–∞—Ö—á–∏—Å–∞—Ä–∞–π—Å–∫–∏–µ –≥–≤–æ–∑–¥–∏–∫–∏
326,art,@Art_ardez,–ì–∞–ª–µ—Ä–µ—è Ardezart
327,art,@chernoemoree,–ß–µ—Ä–Ω–æ–º–æ—Ä—Å–∫–∏–π –ö—Ä—É–∏–∑
328,art,@zakuliska,–ó–∞–∫—É–ª–∏—Å–∫–∞
329,art,@iskusstvoTG,–ò—Å–∫—É—Å—Å—Ç–≤–æ
330,catalogs,@TGRobots,TGRobots | –ë–æ—Ç—ã
331,catalogs,@tmbots,–ü–æ–ª–µ–∑–Ω—ã–µ –±–æ—Ç—ã
332,catalogs,@chagram,–ö–∞–Ω–∞–ª—ã Telegram - –∫–∞—Ç–∞–ª–æ–≥
333,catalogs,@kureromsd_zakladchikomfjr,RABOTA ZARABOTOK
334,catalogs,@kureromssl_zakladchikomdssl,–†–∞–±–æ—Ç–∞ –í–ª–∞–¥–∏–≤–æ—Å—Ç–æ–∫ –ö–∞–ª–∏–Ω–∏–Ω–≥—Ä–∞–¥
335,catalogs,@openbusines,"–ö–∞—Ç–∞–ª–æ–≥ Telegram –∫–∞–Ω–∞–ª–æ–≤, –±–æ—Ç–æ–≤"
336,catalogs,@katalo4eg,–ö–∞—Ç–∞–ª–æ–≥ –ö–∞–Ω–∞–ª–æ–≤ –¢–µ–ª–µ–≥—Ä–∞–º
337,catalogs,@botcollection,Botcollection
338,catalogs,@CatalogTelegram,–ö–∞—Ç–∞–ª–æ–≥ Telegram
339,catalogs,@link_ru,–ö–∞–Ω–∞–ª—ã –¢–µ–ª–µ–≥—Ä–∞–º
340,law,@Jurist,–Æ–†–ò–°–¢ –ï–í–ì–ï–ù–ò–ô –®–£–ü–ò–ö–û–í
341,law,@advokatski,–ó–∞—â–∏—Ç–Ω–∏–∫ –∑–∞–∫–æ–Ω–∞
342,law,@ovdinfo,–û–í–î-–ò–Ω—Ñ–æ
343,law,@povorotnapravo,–ü–æ–≤–æ—Ä–æ—Ç –Ω–∞ –ü—Ä–∞–≤–æ
344,law,@avtozaklive,Avtozak LIVE
345,law,@apologia,–ê–ø–æ–ª–æ–≥–∏—è üì¢üá∑üá∫
346,law,@advokatzhorin,–ê–¥–≤–æ–∫–∞—Ç –ñ–æ—Ä–∏–Ω
347,law,@yurist_tgm,–Æ—Ä–∏–¥–∏—á–µ—Å–∫–∏–µ —Å–æ–≤–µ—Ç—ã * –ó–∞–∫–æ–Ω—ã
348,law,@pchikov,–ü–∞–≤–µ–ª –ß–∏–∫–æ–≤
349,law,@anon_prok,–ê–Ω–æ–Ω–∏–º–Ω—ã–π –ø—Ä–æ–∫—É—Ä–æ—Ä
350,courses,@free_edu,–ë–µ—Å–ø–ª–∞—Ç–Ω–æ–µ –æ–±—Ä–∞–∑–æ–≤–∞–Ω–∏–µ
351,courses,@moe_obrazovanie,–ú–æ–µ –û–±—Ä–∞–∑–æ–≤–∞–Ω–∏–µ
352,courses,@sharewood_ws,SHAREWOOD
353,courses,@lektorium20,–õ–µ–∫—Ç–æ—Ä–∏—É–º
354,courses,@sliv_ot_blogerov,"ùïäùïÉùïÄùïç ùïÜùïã ùîπùïÉùïÜùîæùîº‚ÑùùïÜùïç | –ö—É—Ä—Å—ã, —á–µ–∫-–ª–∏—Å—Ç—ã, –º–∞—Ä–∞—Ñ–æ–Ω—ã"
355,courses,@sharewood_biz,–°—É–Ω–¥—É–∫ –†–æ–±–∏–Ω–∞
356,courses,@brainsstorming,Business üçè Storm
357,courses,@sliv_freedom,–ì–ê–ô–î–´ free ¬´–°–ª–∏–≤—ã¬ª
358,courses,@plumcore,PlumCore University
359,courses,@polezno_chek,üîóPOLEZNOüîó
360,handmade,@rucami,–°–≤–æ–∏–º–∏ —Ä—É–∫–∞–º–∏
361,handmade,@delotex,–î–ï–õ–û –¢–ï–•–ù–ò–ö–ò
362,handmade,@cdelaycam1,–°–¥–µ–ª–∞–π –°–∞–º
363,handmade,@grad_masterov,–ì–û–†–û–î –ú–ê–°–¢–ï–†–û–í | –†—É–∫–æ–¥–µ–ª–∏–µ
364,handmade,@urokishitya,–®–∏—Ç—å–µ | –í—ã–∫—Ä–æ–π–∫–∏ | –£—Ä–æ–∫–∏ —à–∏—Ç—å—è
365,handmade,@kniga_ruk,–ö–Ω–∏–≥–∞ —Ä—É–∫–æ–¥–µ–ª—å–Ω–∏—Ü
366,handmade,@Samodelkino,–°–¥–µ–ª–∞–π —Å–∞–º
367,handmade,@lazy_sewing,–õ–µ–Ω–∏–≤–æ–µ —à–∏—Ç—å–µ
368,handmade,@Magicneedle,–°—Ç–∏–ª—å–Ω–æ–µ –≤—è–∑–∞–Ω–∏–µ
369,handmade,@svoimirukam,–°–≤–æ–∏–º–∏ —Ä—É–∫–∞–º–∏
370,lifehack,@etoVZ,–í–∑—Ä–æ—Å–ª–∞—è –∂–∏–∑–Ω—å
371,lifehack,@mir_hitrostej,–ú–∏—Ä —Ö–∏—Ç—Ä–æ—Å—Ç–µ–π
372,lifehack,@lifehachruse,–ü–æ–ª–µ–∑–Ω—ã–µ —Å–æ–≤–µ—Ç—ã | –õ–∞–π—Ñ—Ö–∞–∫–∏
373,lifehack,@progressivehozyaika,–ü—Ä–æ–≥—Ä–µ—Å—Å–∏–≤–Ω–∞—è —Ö–æ–∑—è–π–∫–∞
374,lifehack,@silnoprosto,–ê —á—Ç–æ —Ç–∞–∫ –º–æ–∂–Ω–æ –±—ã–ª–æ?
375,lifehack,@umnoj_talanti,–ë–´–¢–û–í–´–ï –°–û–í–ï–¢–´
376,lifehack,@klaslayf,–ö–ª–∞—Å—Å–Ω—ã–µ –ª–∞–π—Ñ—Ö–∞–∫–∏
377,lifehack,@krutlayf,–ö—Ä—É—Ç—ã–µ –ª–∞–π—Ñ—Ö–∞–∫–∏
378,lifehack,@ymelaia_hozaika,–£–º–µ–ª–∞—è –•–æ–∑—è–π–∫–∞
379,lifehack,@days_halyava,–ï–∂–µ–¥–Ω–µ–≤–Ω–∏–∫ - –°–∫–∏–¥–∫–∏ —Ç—É—Ç
380,gambling,@mellstroy_melbet1,–°–¢–ê–í–ö–ò –ù–ê –°–ü–û–†–¢|–ü–†–û–ì–ù–û–ó–´
381,gambling,@Stavka_rabota0,–ó–∞—Ä–∞–±–æ—Ç–æ–∫ |–•–∞–ª—è–≤–∞|–î–µ–Ω—å–≥–∏
382,gambling,@Grand_jk,–ì–†–ê–ù–î 5 | –ù–æ–≤–µ–Ω—å–∫–∏–π 2
383,gambling,@sexh7,–ë–µ—Å–ø–ª–∞—Ç–Ω—ã–µ —Å—Ç–∞–≤–∫–∏ –Ω–∞ —Å–ø–æ—Ä—Ç
384,gambling,@tt_1xbet,1XBET | –ë–æ–Ω—É—Å—ã | –°—Ç–∞–≤–∫–∏
385,gambling,@stavki_sport_coronavirus_1xbet,–°–¢–ê–í–ö–òüöÄ–ù–ê –°–ü–û–†–¢üöÄ–ü–†–û–ì–ù–û–ó–´üöÄ–ö–û–†–û–ù–ê–í–ò–†–£–°üöÄ–ó–ê–†–ê–ë–û–¢–û–öüöÄ–ë–ï–°–ü–õ–ê–¢–ù–ûüöÄ–≠–î–í–ê–†–îüöÄ–§–£–¢–ë–û–õüöÄFORASPORT
386,gambling,@futbol_1xbetq,–°–¢–ê–í–ö–ò –ù–ê –°–ü–û–†–¢|–ü–†–û–ì–ù–û–ó–´
387,gambling,@mellstroy_dvij_bonus,MELLSTROY
388,gambling,@csgomajor,–†–ê–ô–ó –õ–ê–í –Æ
389,gambling,@futbol_bolzham_prognozy1,–°—Ç–∞–≤–∫–∏ –Ω–∞ –°–ø–æ—Ä—Ç
